1,1,Campana 1 - Cliente 1,Esta es una campana de prueba Campana 1 - Cliente 1,1
2,1,Campana 2 - Cliente 1,Esta es una campana de prueba Campana 2 - Cliente 1,1
3,1,Campana 3 - Cliente 1,Esta es una campana de prueba Campana 3 - Cliente 1,1
4,1,Campana 4 - Cliente 1,Esta es una campana de prueba Campana 4 - Cliente 1,1
5,1,Campana 5 - Cliente 1,Esta es una campana de prueba Campana 5 - Cliente 1,0
6,1,Campana 6 - Cliente 1,Esta es una campana de prueba Campana 6 - Cliente 1,1
7,1,Campana 7 - Cliente 1,Esta es una campana de prueba Campana 7 - Cliente 1,1
8,1,Campana 8 - Cliente 1,Esta es una campana de prueba Campana 8 - Cliente 1,1
9,2,Campana 1 - Cliente 2,Esta es una campana de prueba Campana 1 - Cliente 2,1
10,2,Campana 2 - Cliente 2,Esta es una campana de prueba Campana 2 - Cliente 2,1
11,2,Campana 3 - Cliente 2,Esta es una campana de prueba Campana 3 - Cliente 2,0
12,3,Campana 1 - Cliente 3,Esta es una campana de prueba Campana 1 - Cliente 3,1
13,3,Campana 2 - Cliente 3,Esta es una campana de prueba Campana 2 - Cliente 3,1
14,3,Campana 3 - Cliente 3,Esta es una campana de prueba Campana 3 - Cliente 3,1
15,3,Campana 4 - Cliente 3,Esta es una campana de prueba Campana 4 - Cliente 3,1
